MSE,CI,RM2
0.20122708,0.8959811671243123,0.748941364463461
