MSE,CI,RM2
0.2121066,0.897387644532075,0.7353676815991752
